{"cameraMode":{"drawMode":0,"name":"Shaded","section":"Shading Mode"},"sceneLighting":false,"audioPlay":false,"sceneViewState":{"m_AlwaysRefresh":false,"showFog":true,"showSkybox":false,"showFlares":true,"showImageEffects":true,"showParticleSystems":true,"showVisualEffectGraphs":true,"m_FxEnabled":true},"in2DMode":false,"pivot":{"x":0.46812108159065249,"y":-0.04711748659610748,"z":-0.4341444969177246},"rotation":{"x":0.11503341048955918,"y":-0.27484601736068728,"z":0.03314155340194702,"w":0.9540089964866638},"size":0.4330126941204071,"orthographic":false}