{"cameraMode":{"drawMode":0,"name":"Shaded","section":"Shading Mode"},"sceneLighting":true,"audioPlay":false,"sceneViewState":{"m_AlwaysRefresh":false,"showFog":true,"showSkybox":true,"showFlares":true,"showImageEffects":true,"showParticleSystems":true,"showVisualEffectGraphs":true,"m_FxEnabled":true},"in2DMode":false,"pivot":{"x":2.9144227504730226,"y":0.03469979017972946,"z":-2.9258220195770265},"rotation":{"x":-0.09042441844940186,"y":0.9011083841323853,"z":-0.22781164944171906,"w":-0.3576735258102417},"size":0.37288370728492739,"orthographic":true}