{"cameraMode":{"drawMode":0,"name":"Shaded","section":"Shading Mode"},"sceneLighting":true,"audioPlay":false,"sceneViewState":{"m_AlwaysRefresh":false,"showFog":true,"showSkybox":true,"showFlares":true,"showImageEffects":true,"showParticleSystems":true,"showVisualEffectGraphs":true,"m_FxEnabled":true},"in2DMode":false,"pivot":{"x":1.6270626783370972,"y":1.9796608686447144,"z":-3.018432855606079},"rotation":{"x":-0.09625616669654846,"y":0.8928059935569763,"z":-0.2285350263118744,"w":-0.37603893876075747},"size":1.3976037502288819,"orthographic":false}