{"cameraMode":{"drawMode":0,"name":"Shaded","section":"Shading Mode"},"sceneLighting":true,"audioPlay":false,"sceneViewState":{"m_AlwaysRefresh":false,"showFog":true,"showSkybox":true,"showFlares":true,"showImageEffects":true,"showParticleSystems":true,"showVisualEffectGraphs":true,"m_FxEnabled":true},"in2DMode":false,"pivot":{"x":-12.48075008392334,"y":1.2046838998794556,"z":-47.543678283691409},"rotation":{"x":-0.3902249336242676,"y":-0.11772482842206955,"z":0.05038629472255707,"w":-0.9117690324783325},"size":1.0063786506652833,"orthographic":false}