{"cameraMode":{"drawMode":0,"name":"Shaded","section":"Shading Mode"},"sceneLighting":false,"audioPlay":false,"sceneViewState":{"m_AlwaysRefresh":false,"showFog":true,"showSkybox":false,"showFlares":true,"showImageEffects":true,"showParticleSystems":true,"showVisualEffectGraphs":true,"m_FxEnabled":true},"in2DMode":false,"pivot":{"x":-0.01028868556022644,"y":0.281710684299469,"z":0.03549668937921524},"rotation":{"x":-0.09625616669654846,"y":0.8928059935569763,"z":-0.2285350263118744,"w":-0.37603893876075747},"size":0.3793025016784668,"orthographic":false}